[
    {
        "id": "1",
        "name": "پرینتر اچ پی",
        "model": "HP123",
        "price": 2000000,
        "image": "printer-hp.jpg",
        "category": "laser-printer",
        "description": "پرینتر اچ پی با قابلیت چاپ بالا..."
    },
    {
        "id": "2",
        "name": "اسکنر کانن",
        "model": "Canon456",
        "price": 1500000,
        "image": "scanner-canon.jpg",
        "category": "scanner",
        "description": "اسکنر کانن با کیفیت اسکن بالا..."
    },
    {
        "id": "3",
        "name": "تونر اچ پی",
        "model": "HP-TO123",
        "price": 300000,
        "image": "toner-hp.jpg",
        "category": "toner",
        "description": "تونر اچ پی با کارایی بالا..."
    },
    {
        "id": 4,
        "name": "کارتریج اچ پی",
        "category": "accessory",
        "price": 500000,
        "image": "cartridge-hp.jpg",
        "description": "کارتریج اچ پی با ماندگاری بالا..."
    },
    {
        "id": 5,
        "name": "برگه A4",
        "category": "accessory",
        "price": 100000,
        "image": "paper-a4.jpg",
        "description": "برگه A4 با کیفیت عالی..."
    },
    {
        "id": 6,
        "name": "پرینتر برادر",
        "category": "printer",
        "price": 1800000,
        "image": "printer-brother.jpg",
        "description": "پرینتر برادر با قابلیت اتصال بی‌سیم..."
    },
    {
        "id": 7,
        "name": "اسکنر اپسون",
        "category": "scanner",
        "price": 1700000,
        "image": "scanner-epson.jpg",
        "description": "اسکنر اپسون با دقت بالا..."
    },
    {
        "id": 8,
        "name": "پرینتر سامسونگ",
        "category": "printer",
        "price": 2500000,
        "image": "printer-samsung.jpg",
        "description": "پرینتر سامسونگ با سرعت چاپ بالا..."
    },
    {
        "id": 9,
        "name": "کارتریج اپسون",
        "category": "accessory",
        "price": 550000,
        "image": "cartridge-epson.jpg",
        "description": "کارتریج اپسون با کیفیت عالی..."
    },
    {
        "id": 10,
        "name": "پرینتر کانن",
        "category": "printer",
        "price": 2200000,
        "image": "printer-canon.jpg",
        "description": "پرینتر کانن با قابلیت چاپ دوبلکس..."
    }
]
